上海餐厅,wode沃德面包(上海中心大厦店),分店,该商户暂无星级,252,46,0.0,0.0,0.0,面包甜点,陆家嘴,陆家嘴环路479号上海中心大厦B2层
上海餐厅,每日新鲜水果吧(上海中心店),总店,四星商户,31,24,8.1,8.1,8.1,饮品,陆家嘴,银城中路501号上海中心大厦B2(近花园石桥路)
上海餐厅,wode沃德面包(环球店),分店,五星商户,186,43,9.1,9.0,9.1,面包甜点,陆家嘴,浦东世纪大道160号览海国际广场L101B
上海餐厅,喜茶(正大广场店),总店,四星商户,1190,27,8.2,8.0,7.9,饮品,陆家嘴,陆家嘴西路168号正大广场5F(东区手扶电梯旁)
上海餐厅,檬舒舒MonChouChou(环球金融中心店),分店,准五星商户,6474,60,8.5,8.4,8.2,西式甜点,陆家嘴,世纪大道100号环球金融商务中心B1层
上海餐厅,Awfully Chocolate(国金中心商场店),分店,准五星商户,1587,55,8.7,8.5,8.6,面包甜点,陆家嘴,世纪大道8号国金中心商场LG-B-1室(地铁2号线陆家嘴站6号口)
上海餐厅,Petitpree(IFC店),总店,准五星商户,56,37,8.6,8.1,8.5,冰淇淋,陆家嘴,世纪大道8号国金中心LG2-A-6
上海餐厅,Sunflour(正大广场店),分店,准五星商户,986,47,8.6,8.3,8.2,面包甜点,陆家嘴,陆家嘴西路168号正大广场东区B2层25-26号(近东方明珠)
上海餐厅,無邪日式甜品(正大广场店),总店,四星商户,1257,41,8.0,8.1,7.7,面包甜点,陆家嘴,陆家嘴西路168号正大广场5层
上海餐厅,Twinings川宁餐厅,总店,四星商户,506,150,8.1,9.0,8.5,西餐,陆家嘴,陆家嘴西路168号正大广场西区3层25号(近东方明珠)
上海餐厅,LONG鲜烤吐司,分店,准五星商户,459,42,8.4,8.3,8.4,面包甜点,陆家嘴,世纪大道88号金茂大厦B1层21号
上海餐厅,Paul Lafayet(国金中心商场店),分店,准五星商户,939,47,8.4,8.2,8.3,西式甜点,陆家嘴,世纪大道8号国金中心商场LG2层(近CitySuper)
上海餐厅,中街1946(正大广场店),分店,准五星商户,237,16,8.6,8.1,8.3,冰淇淋,陆家嘴,陆家嘴西路168号正大广场6层48号(近东方明珠)
上海餐厅,TWG(国金中心商场店),分店,四星商户,765,166,8.1,8.3,8.2,饮品,陆家嘴,世纪大道8号国金中心商场2层(迪奥对面)
上海餐厅,布歌东京(国际金融中心IFC店),分店,四星商户,780,87,8.5,8.2,8.1,西式甜点,陆家嘴,世纪大道8号国际金融中心商场地下二层LG2-A-3号铺(近东方明珠)
上海餐厅,Royce’ Chocolates(国金中心店),分店,准五星商户,1825,137,8.6,7.5,7.6,西式甜点,陆家嘴,世纪大道8号国金中心LG2楼city’super内(近东泰路)
上海餐厅,AM Bakery纸杯社(国金店),分店,准五星商户,65,65,8.5,8.2,8.8,西式甜点,陆家嘴,世纪大道8号国金中心L4-1-3商铺
上海餐厅,辻利TSUJIRI(环球金融中心店),分店,四星商户,1085,34,8.2,8.3,8.1,冰淇淋,陆家嘴,世纪大道100号环球金融中心商场2楼(近陆家嘴环路)
上海餐厅,teasoon(金茂店),总店,准五星商户,39,29,8.5,8.6,8.7,饮品,陆家嘴,世纪大道88号金茂大厦J•LIFE(2MF-2C-04/05)
上海餐厅,焙凯BAKE cheese tart(国金中心商场店),分店,准五星商户,502,35,8.5,8.4,8.3,面包甜点,陆家嘴,世纪大道8号国金中心商场LG2层
上海餐厅,上海金茂君悦精饼屋,总店,准五星商户,2784,120,7.9,7.7,7.5,西式甜点,陆家嘴,世纪大道88号金茂君悦大酒店1楼3号门(近二号线陆家嘴站)
上海餐厅,COVA(国金中心),分店,四星商户,2185,178,7.9,7.9,7.5,西式甜点,陆家嘴,世纪大道8号国金中心商场L1楼30号商铺(近东泰路)
上海餐厅,ORITEA朴茶(正大店),分店,四星商户,151,22,8.0,8.1,8.1,饮品,陆家嘴,陆家嘴西路168号正大广场B2层
上海餐厅,菓寮-日式和果子(正大广场店),总店,四星商户,536,101,8.2,8.3,8.5,面包甜点,陆家嘴,陆家嘴西路168号正大广场东区5层05号(近东方明珠)
上海餐厅,HEY JUICE茶桔便(新大陆店),分店,准五星商户,179,18,8.4,8.5,8.7,饮品,陆家嘴,南泉北路588号新大陆广场南楼1层S1-30室
上海餐厅,猫山王榴莲MusangKing(猫叔正大广场店),分店,准五星商户,1807,40,8.7,7.9,8.2,饮品,陆家嘴,陆家嘴西路168号正大广场西区2层12号(近东方明珠)
上海餐厅,凯宾斯基大堂酒吧,总店,四星商户,208,137,7.9,8.4,8.7,面包甜点,陆家嘴,陆家嘴环路1288号(近海洋水族馆)
上海餐厅,幸福侯彩擂(环球金融店),总店,四星商户,430,15,8.0,8.4,8.3,饮品,陆家嘴,世纪大道100号B1层上海环球金融中心108室
上海餐厅,inwe因味茶(东亚银行店),总店,准五星商户,59,36,8.4,8.8,8.9,饮品,陆家嘴,花园石桥路66号东亚银行金融大厦1层101F
上海餐厅,西园宇治抹茶(正大广场店),分店,准四星商户,182,26,7.7,7.4,7.6,冰淇淋,陆家嘴,陆家嘴西路168号正大广场3楼13
上海餐厅,糖纸甜品(陆家嘴店),分店,准四星商户,3743,27,7.9,7.6,7.4,港台甜品,陆家嘴,陆家嘴西路168号正大广场东区3层(近东方明珠)
上海餐厅,Grosfairy胖仙女(国金中心商场店),分店,四星商户,755,38,7.6,8.0,7.8,面包甜点,陆家嘴,世纪大道8号国金中心商场LG2层
上海餐厅,星巴克(滨江店),分店,准五星商户,2546,38,7.3,7.9,7.2,星巴克,陆家嘴,滨江大道富都段
上海餐厅,彦悦山(环球店),分店,四星商户,297,26,7.8,8.7,8.5,面包甜点,陆家嘴,世纪大道100号环球金融中心三楼310号商铺(大蔬无界)
上海餐厅,早安巴黎(正大广场店),分店,四星商户,1793,37,8.0,8.1,7.8,面包甜点,陆家嘴,陆家嘴西路168号正大广场中区B2层(近东方明珠)
上海餐厅,满记甜品(正大广场店),分店,四星商户,2974,33,7.2,6.7,6.7,港台甜品,陆家嘴,陆家嘴西路168号正大广场西区5层(近东方明珠)
上海餐厅,蜜途翻糖蛋糕定制(国金ifc店),总店,四星商户,130,1731,7.4,7.6,7.6,面包甜点,陆家嘴,世纪大道8号国金大厦内(东泰路)
上海餐厅,Baker&Spice;(国金中心商场店),分店,准四星商户,1815,60,7.4,7.4,7.0,西式甜点,陆家嘴,世纪大道8号国金中心商场LG1层LG1-16-2(近浦东大道)
上海餐厅,Little Mermaid Bakery(国金中心商场店),分店,四星商户,719,36,7.7,7.3,7.2,西式甜点,陆家嘴,世纪大道8号国金中心商场LG2层(近东泰路)
上海餐厅,哈根达斯(正大店),分店,四星商户,8191,74,7.6,7.5,7.4,冰淇淋,陆家嘴,陆家嘴西路168号正大广场中区1层GF31室(近东方明珠)
上海餐厅,Godiva(环球金融中心),分店,四星商户,447,52,8.6,8.5,8.1,冰淇淋,陆家嘴,世纪大道100号上海环球金融中心2FNo.221
上海餐厅,浦东丽思卡尔顿aura大堂吧,总店,准四星商户,118,226,7.1,8.7,8.0,面包甜点,陆家嘴,上海浦东陆家嘴世纪大道8号上海国金中心52楼
上海餐厅,星巴克(正大店),分店,四星商户,790,38,7.7,7.6,7.5,星巴克,陆家嘴,陆家嘴西路168号正大广场东区3层(近东方明珠)
上海餐厅,Godiva(IFC商场),分店,四星商户,1741,54,8.0,7.8,7.2,冰淇淋,陆家嘴,陆家嘴世纪大道8号国际金融中心B2楼LG2-30号店
上海餐厅,巴黎贝甜(正大广场店),分店,四星商户,638,33,7.9,8.1,7.8,西式甜点,陆家嘴,陆家嘴西路168号正大广场东区B2层13号(近东方明珠)
上海餐厅,LUCKYLIFE 快乐生活,总店,准四星商户,150,23,7.5,8.3,7.6,饮品,陆家嘴,陆家嘴西路168号正大广场中区5层52号(近东方明珠)
上海餐厅,台北犁记饼店(正大店),分店,四星商户,606,66,8.0,7.8,8.0,港台甜品,陆家嘴,陆家嘴西路168号正大广场中区B2层(近东方明珠)
上海餐厅,恋暖初茶(国金中心商场店),分店,四星商户,810,17,7.9,7.7,7.7,饮品,陆家嘴,世纪大道8号国金中心商场LG2层(近银城中路)
上海餐厅,Gelato by RL.GODA(国金中心店),分店,四星商户,1139,34,7.5,6.9,7.3,冰淇淋,陆家嘴,世纪大道8号国金中心IFC商场LG2(近CitySuper)
上海餐厅,光之乳酪(正大广场店),分店,准四星商户,53,29,7.2,7.8,7.7,西式甜点,陆家嘴,陆家嘴西路168号正大广场B2层
上海餐厅,奇华饼家(国金中心商场店),分店,四星商户,492,88,8.2,7.9,7.7,面包甜点,陆家嘴,世纪大道8号国金中心商场LG2层(近星巴克)
上海餐厅,星巴克(国金中心店),分店,准四星商户,617,40,7.5,7.3,7.3,星巴克,陆家嘴,世纪大道8号上海国金中心D座商场裙房B2层LG2-29室(陆家嘴地铁站)
上海餐厅,每日新鲜水果吧(正大店),分店,四星商户,1517,19,8.1,7.6,7.7,饮品,陆家嘴,陆家嘴西路168号正大广场西区3层08号(近东方明珠)
上海餐厅,哈根达斯(滨江店),分店,准四星商户,2471,84,7.0,7.7,6.8,冰淇淋,陆家嘴,滨江富都段码头北侧端
上海餐厅,酷圣石(正大广场店),总店,四星商户,937,37,7.5,6.8,7.3,冰淇淋,陆家嘴,陆家嘴西路168号正大广场中区B2层S-05,06室(近东方明珠)
上海餐厅,星巴克(正大2店),分店,准四星商户,1165,35,7.2,7.0,7.0,星巴克,陆家嘴,陆家嘴西路168号正大广场东区1层(近东方明珠)
上海餐厅,星巴克臻选(环球金融店),分店,准四星商户,448,38,7.5,7.5,7.5,星巴克,陆家嘴,世纪大道100号上海环球金融中心101室(近陆家嘴地铁站)
上海餐厅,蔻璞 la coupe collection,总店,四星商户,16,30,7.8,7.9,7.9,饮品,陆家嘴,陆家嘴西路正大广场B2
上海餐厅,小宫山浩二芝士挞(正大广场店),总店,四星商户,167,10,7.4,7.1,7.2,西式甜点,陆家嘴,陆家嘴西路168号正大广场中区B2层(近东方明珠)
上海餐厅,香格里拉西点坊,总店,四星商户,1133,44,7.3,7.5,7.2,面包甜点,陆家嘴,富城路33号浦东香格里拉大酒店紫金楼1楼(近名商路)
上海餐厅,香格里拉大堂酒廊(富城路店),总店,准四星商户,72,229,7.2,7.9,7.5,西式甜点,陆家嘴,富城路33号香格里拉大酒店浦江楼1楼(近名商路)
上海餐厅,FANCY FRUIT(国金中心商场店),分店,四星商户,64,31,7.8,7.9,7.8,饮品,陆家嘴,世纪大道8号国金中心商场LG2层
上海餐厅,米芝莲(正大广场店),总店,准四星商户,173,16,7.5,7.3,7.2,饮品,陆家嘴,陆家嘴西路168号正大广场中区5层(近东方明珠)
上海餐厅,桂源铺港式奶茶(正大广场店),分店,准四星商户,58,17,7.4,7.4,7.4,饮品,陆家嘴,陆家嘴西路168号正大广场中区B2层S-01号(近东方明珠)
上海餐厅,食之秘(正大广场B2),总店,准四星商户,211,57,7.4,7.3,6.8,饮品,陆家嘴,陆家嘴西路168号正大广场东区B2层03号(近东方明珠)
上海餐厅,Kiwi Kraze奇兹优格冰淇淋(正大广场店),总店,四星商户,75,33,7.8,7.7,7.8,冰淇淋,陆家嘴,陆家嘴西路168号正大广场8楼03(椰子不语对面)
上海餐厅,靡嗏奶盖专门店(文华东方酒店店),总店,准五星商户,80,20,8.6,8.5,8.5,饮品,陆家嘴,浦东新区浦东南路111号文华东方酒店地下1层104室
上海餐厅,星巴克(东方明珠店),分店,准四星商户,67,36,7.9,7.9,7.5,星巴克,陆家嘴,浦东新区世纪大道1号广场1号铺位
上海餐厅,YOBA酸奶冰淇淋(正大广场8F店),分店,准四星商户,290,33,8.1,7.6,7.5,冰淇淋,陆家嘴,陆家嘴西路168号正大广场东区8层03C号(近东方明珠)
上海餐厅,港岛茶香(陆家嘴店),总店,四星商户,76,19,7.9,7.8,7.9,饮品,陆家嘴,陆家嘴环路333号东方汇经b1层(上海中心)
上海餐厅,每日新鲜水果吧(上海环球金融中心店),分店,四星商户,448,22,8.3,8.3,8.1,饮品,陆家嘴,世纪大道100号上海环球金融中心B1楼内(近东泰路)
上海餐厅,许留山(正大广场店),分店,准四星商户,2132,37,7.0,6.7,6.5,港台甜品,陆家嘴,陆家嘴西路168号正大广场东区B2层(近东方明珠)
上海餐厅,DQ(东方浮庭店),分店,准四星商户,417,26,7.5,7.4,7.3,冰淇淋,陆家嘴,世纪大道55号东方浮庭2楼(近陆家嘴东路)
上海餐厅,美心月饼(易初莲花(正大店),总店,准四星商户,14,,7.3,7.2,7.2,面包甜点,陆家嘴,陆家嘴路168号
上海餐厅,日世冰激凌,总店,准四星商户,17,13,7.0,6.9,7.0,冰淇淋,陆家嘴,陆家嘴西路168号正大广场东区8层(近东方明珠)
上海餐厅,面包新语(正大广场店),分店,准四星商户,741,28,7.0,6.9,6.6,面包甜点,陆家嘴,陆家嘴西路168号正大广场东区B2层(近东方明珠)
上海餐厅,快乐柠檬(正大广场店),分店,准四星商户,378,13,7.4,7.3,7.1,饮品,陆家嘴,陆家嘴西路168号正大广场东区5层(近东方明珠)
上海餐厅,哈根达斯(国金店),分店,四星商户,221,70,7.9,7.4,7.6,冰淇淋,陆家嘴,世纪大道8号国金中心二期D座LG1-39
上海餐厅,星巴克(金茂大厦店),分店,准四星商户,159,34,7.4,7.3,7.4,星巴克,陆家嘴,世纪大道88号裙房2楼2C-08、10铺位
上海餐厅,royaltea皇茶,总店,准四星商户,35,18,7.3,7.1,7.3,饮品,陆家嘴,浦东栖霞路37号
上海餐厅,星巴克(花旗店),分店,准四星商户,146,34,7.2,7.2,7.2,星巴克,陆家嘴,花园石桥路33号花旗集团大厦1楼
上海餐厅,星巴克(浦发大厦店),分店,准四星商户,197,42,7.1,7.1,7.0,星巴克,陆家嘴,浦东南路588号
上海餐厅,HEY JUICE茶桔便(东昌路店),分店,四星商户,116,17,7.7,7.6,7.8,饮品,陆家嘴,东昌路446号
上海餐厅,每日新鲜水果吧(金茂时尚广场店),分店,四星商户,489,20,7.9,7.4,7.5,饮品,陆家嘴,世纪大道88号金茂大厦裙楼内金茂时尚广场1层
上海餐厅,凡町个性化蛋糕&甜品桌定制,分店,四星商户,16,,7.7,7.7,8.0,面包甜点,陆家嘴,花园石桥路28弄8号
上海餐厅,星巴克(东方浮庭店),分店,准四星商户,175,33,7.3,7.3,7.3,星巴克,陆家嘴,陆家嘴中心区世纪大道55号东方浮庭2F-4室
上海餐厅,中街1946(金茂店),分店,准四星商户,44,14,7.7,7.5,7.3,冰淇淋,陆家嘴,金茂大厦3楼
上海餐厅,南洋茶铺(浦东南路店),总店,准四星商户,78,14,7.5,7.5,7.5,饮品,陆家嘴,浦东南路589号
上海餐厅,coco都可(东昌路店),总店,准四星商户,137,12,7.1,7.0,6.9,饮品,陆家嘴,东昌路508号
上海餐厅,爱茜茜里意大利健康冰淇淋(东方明珠店),分店,准四星商户,177,32,7.6,7.6,7.2,冰淇淋,陆家嘴,世纪大道1号东方明珠电视塔零米大厅C1区(近二号线陆家嘴站)
上海餐厅,星巴克(浦江双辉店),分店,准四星商户,22,38,7.2,6.9,6.8,星巴克,陆家嘴,银城路9-99号B1楼01单元
上海餐厅,星巴克 STARBUCKS(信息大厦店),分店,准四星商户,17,34,7.3,7.5,7.4,星巴克,陆家嘴,世纪大道211号
上海餐厅,纯饮轻断食代餐果蔬汁(陆家嘴配送点),分店,四星商户,22,149,8.2,8.0,8.2,饮品,陆家嘴,南泉北路35甲
上海餐厅,诗立方(正大广场店),分店,准四星商户,44,17,7.3,7.3,7.4,面包甜点,陆家嘴,陆家嘴西路168号正大广场中区B2层H10号(近东方明珠)
上海餐厅,果之满满鲜榨果蔬汁(证券大厦店),分店,准四星商户,78,20,7.3,7.2,7.3,饮品,陆家嘴,浦东南路528号上海证券大厦B1楼(近张杨路)
上海餐厅,royaltea皇茶,总店,准四星商户,40,17,6.8,6.8,7.0,饮品,陆家嘴,东昌路511号
上海餐厅,珍尼花手工曲奇(国金中心店),总店,准四星商户,66,115,7.3,7.1,7.2,面包甜点,陆家嘴,世纪大道8号国金中心商场B2楼LG2室商铺（City&apos;Super超市内）(东泰路)
上海餐厅,文华西饼屋,总店,准四星商户,22,,7.4,7.8,7.6,西式甜点,陆家嘴,陆家嘴浦东南路泰东栈渡口附近(近泰公线渡口)
上海餐厅,星巴克 STARBUCKS(森茂店),分店,准四星商户,17,38,7.1,7.0,7.2,星巴克,陆家嘴,陆家嘴环路1000号
上海餐厅,星巴克(时代金融店),分店,准四星商户,230,34,7.2,6.9,7.0,星巴克,陆家嘴,银城中路68号时代金融大厦2楼
上海餐厅,星巴克(汇亚大厦店),分店,准四星商户,91,31,7.1,7.1,6.8,星巴克,陆家嘴,汇亚大厦陆家嘴环路1233号101
上海餐厅,摩提工房(正大广场店),分店,四星商户,231,15,7.3,6.8,7.0,西式甜点,陆家嘴,陆家嘴西路168号正大广场中区B2层H10号(近东方明珠)
上海餐厅,星巴克(未来资产大厦店),分店,准四星商户,16,38,7.3,7.5,7.3,星巴克,陆家嘴,陆家嘴环路166号102室
上海餐厅,可颂坊(陆家嘴店),总店,三星商户,824,22,6.7,6.6,6.0,面包甜点,陆家嘴,世纪大道55号(近陆家嘴地铁站2出口)
上海餐厅,泰芒了,总店,三星商户,7,32,6.8,6.9,6.9,饮品,陆家嘴,世纪大道11号
上海餐厅,CoCo都可(正大广场店),总店,三星商户,55,11,6.9,6.7,6.3,饮品,陆家嘴,陆家嘴西路168号正大广场中区B2层S-08号(近东方明珠)
上海餐厅,星期五翻糖蛋糕(国金IFC店),分店,三星商户,10,,6.0,6.1,6.1,面包甜点,陆家嘴,世纪大道8号国金中心B1层
上海餐厅,快乐柠檬(国金中心店),分店,准四星商户,395,13,6.9,6.9,6.4,饮品,陆家嘴,世纪大道8号国金中心商场LG2楼(近东泰路)
上海餐厅,西树泡芙(东方明珠店),分店,准四星商户,32,13,7.7,7.7,7.5,西式甜点,陆家嘴,浦东世纪大道1号东方明珠塔1楼(近二号线陆家嘴站)
上海餐厅,果然(震旦大厦店),总店,准四星商户,23,37,7.6,7.2,7.3,饮品,陆家嘴,富城路99号B1-F03
上海餐厅,果之满满鲜榨果蔬汁(时代金融中心店),分店,四星商户,341,17,8.0,7.9,7.6,饮品,陆家嘴,银城中路68号时代金融中心1楼106单元(近花园石桥路)
上海餐厅,果之满满鲜榨果汁吧(东方明珠店),总店,准四星商户,22,19,7.2,7.3,7.5,饮品,陆家嘴,世纪大道1号东方明珠八号门旁边
上海餐厅,牛奶棚(浦二店),分店,准四星商户,508,14,7.1,6.5,6.4,面包甜点,陆家嘴,浦东南路1952号(浦东南路与峨山路交叉口南行100米路西)
上海餐厅,果之满满鲜榨果汁吧(览海国际店),总店,准四星商户,11,,7.4,7.1,7.3,饮品,陆家嘴,陆家嘴世纪大道160号览海国际广场地下一层B104单元
上海餐厅,freshtea(国金中心商场店),总店,三星商户,0,,0.0,0.0,0.0,饮品,陆家嘴,世纪大道8号国金中心商场LG2层
上海餐厅,福茗堂茶荘(国金中心商场店),总店,准四星商户,10,,7.3,7.6,7.4,饮品,陆家嘴,世纪大道8号国金中心商场LG1层(百丽宫影院附近)
上海餐厅,椰来啦(正大广场3楼),总店,准四星商户,3,,7.5,7.3,7.5,饮品,陆家嘴,名商路3号
上海餐厅,罗港园(震旦店),总店,三星商户,18,12,6.8,6.7,6.8,面包甜点,陆家嘴,富城路震旦大厦B1
上海餐厅,皇茶(公利医院店),总店,准四星商户,2,,7.3,7.3,7.3,饮品,陆家嘴,栖山路155号(苗圃路公利医院)
上海餐厅,罗港园(金茂大厦店),总店,准四星商户,37,18,6.9,7.0,7.0,饮品,陆家嘴,世纪大道88号88层观光厅B1层-32(售票厅对面)
上海餐厅,WANAKA冰激凌店,总店,准四星商户,9,26,7.4,7.2,7.4,冰淇淋,陆家嘴,世纪大道88号金茂大厦88楼A8(近二号线陆家嘴站)
上海餐厅,2016首届新美大甜品嘉年华(环球金融中心会场),总店,准四星商户,133,50,7.4,7.2,7.3,面包甜点,陆家嘴,世纪大道100号(近东泰路)
上海餐厅,开心丽果鲜榨果汁吧(正大广场B2店),分店,三星商户,233,20,6.9,6.9,6.8,饮品,陆家嘴,陆家嘴西路168号正大广场东区B2层S0-3号(近东方明珠)
上海餐厅,克莉丝汀(世纪大道站店),分店,准四星商户,96,13,7.1,6.9,7.2,面包甜点,陆家嘴,地铁二号线世纪大道2-105号(近东方路)
上海餐厅,苏格一家(上海陆家嘴正大广场店),总店,准四星商户,27,21,6.9,7.0,7.1,面包甜点,陆家嘴,陆家嘴西路168号正大广场西区4层(近东方明珠)
上海餐厅,Kempi Deli,总店,准四星商户,10,,7.2,7.2,7.5,面包甜点,陆家嘴,陆家嘴环路1288号上海凯宾斯基大酒店一层(东园路)
上海餐厅,Chavmont,总店,准四星商户,1,,7.2,7.0,7.2,面包甜点,陆家嘴,世纪大道8号地下
上海餐厅,果之满满鲜榨果汁吧(太金店),分店,准四星商户,129,22,7.6,7.6,7.5,饮品,陆家嘴,银城中路488号太平金融大厦1楼102A室
上海餐厅,面包新语(上海中心大厦店),总店,三星商户,14,,6.9,7.0,6.7,面包甜点,陆家嘴,陆家嘴环路479号上海中心大厦B2层
上海餐厅,唯尚现烤面包房(栖霞路店),分店,三星商户,50,19,6.7,6.7,6.8,面包甜点,陆家嘴,栖霞路601号(近浦东南路)
上海餐厅,夏日沫沫茶(陆家嘴店),总店,准四星商户,6,,7.5,7.2,7.3,饮品,八佰伴,中国（上海）自由贸易试验区商城路618号地下一层甲部(甲B)
上海餐厅,艺冉时光酸奶酪(陆家嘴店),总店,准四星商户,16,17,7.7,7.6,7.6,西式甜点,陆家嘴,陆家嘴环路958号华能大厦1楼
上海餐厅,天天果园轻食店(证券店),分店,准四星商户,11,25,7.5,7.4,7.5,饮品,陆家嘴,浦东南路528号证券大厦地下一层03A室
上海餐厅,MultiTouch(正大广场店),总店,三星商户,0,,0.0,0.0,0.0,面包甜点,陆家嘴,陆家嘴西路168号正大广场5层(近东方明珠)
上海餐厅,开心丽果鲜榨果汁吧(正大广场8F店),总店,准四星商户,12,21,6.9,7.2,7.3,饮品,陆家嘴,陆家嘴西路168号正大广场西区8层02号(近东方明珠)
上海餐厅,喝椰子,总店,准四星商户,3,,7.2,7.2,7.2,饮品,陆家嘴,陆家嘴西路168号
上海餐厅,天使之橙(正大广场店),总店,准四星商户,30,14,7.5,7.1,7.2,饮品,陆家嘴,陆家嘴西路168号正大广场B1
上海餐厅,牛奶棚(浦南店),总店,三星商户,48,15,7.0,6.8,6.6,面包甜点,陆家嘴,浦东南路599号
上海餐厅,果之满满鲜榨果蔬汁(震旦国际大厦店),分店,准四星商户,96,17,7.4,7.3,7.3,饮品,陆家嘴,富城路99号B1楼05单元(近银城中路)
上海餐厅,乐茶趣鲜奶茶铺(花旗店),总店,准四星商户,40,27,7.0,7.1,7.2,西式甜点,陆家嘴,花园石桥路33号花旗银行大厦1楼(近富城路)
上海餐厅,magocake芒果小子,分店,准四星商户,1,138,7.3,7.3,7.3,面包甜点,陆家嘴,延安东路687号
上海餐厅,Freshmind,总店,准四星商户,19,22,7.3,7.4,7.3,饮品,陆家嘴,杨高南路759号2层04A单元(陆家嘴软件园)
上海餐厅,匠造烘焙(陆家嘴配送站),分店,三星商户,0,31,0.0,0.0,0.0,面包甜点,陆家嘴,世纪大道18号
上海餐厅,Angrybirds愤怒的小鸟(正大广场店),总店,准四星商户,39,50,7.0,7.3,7.2,饮品,陆家嘴,陆家嘴西路168号正大广场5层
上海餐厅,LA TEA,总店,准四星商户,3,,7.4,7.4,7.4,饮品,陆家嘴,浦东南路111号文华东方酒店地下一层商铺
上海餐厅,开心丽果,总店,准四星商户,1,,7.3,7.3,7.3,饮品,陆家嘴,浦东南路256号一楼大堂(东门)
上海餐厅,果汁源鲜榨果汁(栖霞路店),总店,准四星商户,99,14,7.6,7.2,7.5,饮品,陆家嘴,栖霞路58号(近南泉北路)
上海餐厅,火车嘟嘟,总店,准四星商户,3,,7.1,7.1,7.1,冰淇淋,陆家嘴,陆家嘴西路168号正大广场6层(近东方明珠)
上海餐厅,茶驿站,总店,准四星商户,65,11,7.5,7.3,7.6,饮品,陆家嘴,南泉北路162号-6(栖霞路)
上海餐厅,来个鲜果(陆家嘴店),总店,准四星商户,39,24,7.4,7.3,7.4,饮品,陆家嘴,松林路9号(乳山路)
上海餐厅,面包工作室,总店,准四星商户,1,,7.3,7.1,7.1,面包甜点,陆家嘴,世纪大道100号B2楼(陆家嘴地铁站)
上海餐厅,味美轩(s东昌路站店),总店,三星商户,0,,0.0,0.0,0.0,面包甜点,陆家嘴,招远路甲18号距东昌路站约414米
上海餐厅,百分百优果荟,总店,准四星商户,13,15,7.3,7.0,7.2,饮品,陆家嘴,浦东南路575弄甲1号
上海餐厅,Edible 爱茜宝,总店,准四星商户,1,,7.2,7.2,7.2,冰淇淋,陆家嘴,陆家嘴名商路
上海餐厅,诺曼蛋糕上海店,总店,准四星商户,1,,7.1,7.1,7.1,面包甜点,陆家嘴,花园石桥路
上海餐厅,XS饮料招商(上海浦东),总店,准四星商户,0,,0.0,0.0,0.0,饮品,陆家嘴,陆家嘴世纪大道
上海餐厅,lce Party,总店,准四星商户,0,,0.0,0.0,0.0,饮品,陆家嘴,世纪大道88号金茂时尚生活中心F2
上海餐厅,大峰饼屋(金茂店),总店,准四星商户,0,,0.0,0.0,0.0,面包甜点,陆家嘴,金茂大厦沿街楼
上海餐厅,精美糕点,总店,准四星商户,0,,0.0,0.0,0.0,面包甜点,陆家嘴,世纪大道88号金茂大厦内(近二号线陆家嘴站)
上海餐厅,都都茶饮,总店,准四星商户,0,,0.0,0.0,0.0,冰淇淋,陆家嘴,富城路
上海餐厅,零食多,总店,准四星商户,0,30,0.0,0.0,0.0,面包甜点,陆家嘴,齐河路67号
上海餐厅,无果界(栖霞路店),分店,准四星商户,3,30,7.1,7.1,7.1,饮品,浦东新区,栖霞路80号
上海餐厅,julysjuice,总店,准四星商户,1,,7.0,7.0,7.0,饮品,陆家嘴,浦东南路501号
上海餐厅,尚真果汁,总店,准四星商户,12,17,7.0,7.1,7.5,饮品,陆家嘴,浦东南路588号1楼果汁吧
上海餐厅,果然鲜榨果汁(浦发大厦店),分店,三星商户,10,20,6.9,7.2,6.8,饮品,陆家嘴,浦东南路588号浦发大厦8楼G单元(浦发大厦)
上海餐厅,本高砂屋,总店,三星商户,0,,0.0,0.0,0.0,面包甜点,陆家嘴,世纪大道8号(陆家嘴地铁站)
上海餐厅,妃悠diy酸奶优淇淋,总店,三星商户,0,,0.0,0.0,0.0,冰淇淋,陆家嘴,陆家嘴西路168号正大广场B2层(近东方明珠)
上海餐厅,果然鲜榨果汁(宏嘉大厦店),分店,三星商户,4,23,6.9,6.9,6.9,饮品,陆家嘴,福山路388号1楼7度营养餐厅内
上海餐厅,阿姨奶茶〔南泉北路店〕(南泉北路店),分店,准四星商户,100,8,6.9,6.9,7.0,饮品,陆家嘴,南泉北路17号(近浦东大道)
上海餐厅,天使之橙 陆家嘴站,总店,三星商户,0,,0.0,0.0,0.0,饮品,陆家嘴,2号线陆家嘴站
上海餐厅,佳穆巴(正大广场),总店,三星商户,0,,0.0,0.0,0.0,面包甜点,陆家嘴,陆家嘴西路168号正大广场B2层(近东方明珠)
上海餐厅,乐奇韩式冰淇淋,总店,准四星商户,1,,6.9,6.9,6.9,冰淇淋,陆家嘴,陆家嘴环路1388号上海海洋水族馆内
上海餐厅,美味体验店(正大广场店),总店,三星商户,1,,6.9,6.8,6.9,面包甜点,陆家嘴,陆家嘴西路168号正大广场(近东方明珠)
上海餐厅,韩品冰淇淋,总店,三星商户,3,,6.9,6.8,6.8,冰淇淋,陆家嘴,丰和路1附近
上海餐厅,百陆荟,总店,准四星商户,9,21,6.9,6.9,7.0,饮品,陆家嘴,张家浜路37弄(浦城路浦电路)
上海餐厅,爱果,总店,三星商户,1,,6.9,6.9,6.9,饮品,陆家嘴,陆家嘴360号
上海餐厅,NRPOLEON,总店,三星商户,1,,6.8,6.8,6.8,饮品,陆家嘴,正大广场
上海餐厅,乐茶趣,总店,三星商户,7,25,6.9,6.6,6.6,饮品,陆家嘴,世纪大道201号
上海餐厅,精品蛋糕坊,总店,三星商户,2,,6.6,6.6,6.6,面包甜点,陆家嘴,栖霞路56号
上海餐厅,Only Miss创意蛋糕&巧克力定制(陆家嘴店),分店,三星商户,4,,6.6,6.7,6.7,西式甜点,陆家嘴,陆家嘴(近正大广场)
上海餐厅,GRAND OPEN,总店,三星商户,1,,6.5,6.5,6.5,面包甜点,陆家嘴,陆家嘴环路141号
上海餐厅,果然鲜榨果汁(陆家嘴店),总店,二星商户,49,49,4.4,4.5,4.4,饮品,陆家嘴,银城中路9号农银大厦b1-101室(文华东方酒店,农业银行大厦)
上海餐厅,royaltea皇茶(金茂店),总店,该商户暂无星级,0,,0.0,0.0,0.0,饮品,陆家嘴,世纪大道88号B1
上海餐厅,豆豆私家甜品,总店,该商户暂无星级,0,,0.0,0.0,0.0,港台甜品,陆家嘴,世纪大道8号4层L4-11室
上海餐厅,果悦多多(东方现代商业广场店),总店,该商户暂无星级,0,,0.0,0.0,0.0,饮品,陆家嘴,晨阳路225弄东方现代商业广场1层
上海餐厅,FRUIT PASSIONATE,总店,该商户暂无星级,0,,0.0,0.0,0.0,饮品,陆家嘴,国金中心LG2城市超市内
上海餐厅,fresh(上海中心大厦店),总店,该商户暂无星级,0,,0.0,0.0,0.0,面包甜点,陆家嘴,陆家嘴环路479号上海中心大厦B2层
上海餐厅,GONG CHA(上海中心大厦店),总店,该商户暂无星级,0,,0.0,0.0,0.0,饮品,陆家嘴,陆家嘴环路479号上海中心大厦B2层
上海餐厅,seciet recipe(正大广场店),总店,该商户暂无星级,0,,0.0,0.0,0.0,面包甜点,陆家嘴,陆家嘴西路168号正大广场B2层
上海餐厅,happylemon plus(正大广场店),总店,该商户暂无星级,0,,0.0,0.0,0.0,面包甜点,陆家嘴,陆家嘴西路168号正大广场5层
上海餐厅,SUPER BIKE(正大广场店),总店,该商户暂无星级,0,,0.0,0.0,0.0,饮品,陆家嘴,陆家嘴西路168号正大广场3层
上海餐厅,浆宝超活力代餐吧(正大广场店),总店,四星商户,621,29,7.8,7.6,7.8,饮品,陆家嘴,陆家嘴西路168号正大广场B2楼09B室(陆家嘴环路)
上海餐厅,YOBA酸奶冰淇淋(正大广场B2店),分店,四星商户,4770,27,7.5,7.2,7.2,冰淇淋,陆家嘴,陆家嘴西路168号正大广场东区8层(近东方明珠)
上海餐厅,哈根达斯(国金影院店),总店,准四星商户,21,73,7.5,7.3,7.3,冰淇淋,陆家嘴,世纪大道8号国金中心二期LG1-89
上海餐厅,Lady M,总店,该商户暂无星级,20,,0.0,0.0,0.0,西式甜点,陆家嘴,世纪大道8号
上海餐厅,玛丽莲甜品(崂山路店),分店,准四星商户,85,26,7.2,7.2,7.2,饮品,陆家嘴,崂山路20-1号
上海餐厅,Bingojuice甜品奶茶,总店,三星商户,1,,6.9,6.8,6.8,饮品,陆家嘴,陆家嘴环路333号B1层11室
上海餐厅,优绎汇(保利缤果店),总店,三星商户,16,40,6.6,6.8,6.6,饮品,陆家嘴,东方路18号保利广场E幢102(近昌邑路)
上海餐厅,BLACKJUICE(ifc国金店),分店,该商户暂无星级,0,,0.0,0.0,0.0,饮品,陆家嘴,世纪大道8号国际金融中心ifc
上海餐厅,橘色火锅,分店,四星商户,1125,153,7.8,8.7,8.2,火锅,陆家嘴,陆家嘴西路168号正大广场西区6层12B(近东方明珠)
上海餐厅,小辉哥火锅(正大广场店),分店,四星商户,9441,128,8.3,8.2,8.0,火锅,陆家嘴,陆家嘴西路168号正大广场西区8层(近东方明珠)
上海餐厅,椰子不语(正大广场店),分店,四星商户,3705,167,7.8,8.3,8.0,火锅,陆家嘴,陆家嘴西路168号正大广场东区8层29号(近东方明珠)
上海餐厅,牛气冲天之潮汕牛肉火锅王(陆家嘴滨江店),分店,四星商户,1004,169,8.3,8.6,8.6,火锅,陆家嘴,富城路10号
上海餐厅,红唇串串香(正大广场店),分店,四星商户,367,35,8.4,7.4,7.8,火锅,陆家嘴,陆家嘴西路168号正大广场B2层(近东方明珠)
上海餐厅,鬼椒一番锅(览海国际店),分店,四星商户,668,108,8.0,8.2,8.1,火锅,陆家嘴,世纪大道160号览海国际广场地下一层B103A商铺
上海餐厅,太和殿精致麻辣火锅(环球金融中心店),分店,准四星商户,904,515,7.1,7.8,7.6,火锅,陆家嘴,世纪大道100号上海环球金融中心3楼(近东泰路)
上海餐厅,多利有机会所(滨江大道店),总店,准四星商户,16,,7.6,7.9,7.6,火锅,陆家嘴,滨江大道1818号(近泰东路渡口)
上海餐厅,漂亮石头火锅(正大广场店),分店,三星商户,642,70,6.2,6.3,6.2,火锅,陆家嘴,陆家嘴西路168号正大广场东区B2层(近东方明珠)
上海餐厅,天府,总店,三星商户,3,,6.9,7.0,6.8,火锅,陆家嘴,陆家嘴环路1000附近
上海餐厅,天丽欢涮涮锅达人(陆家嘴店),总店,三星商户,202,69,6.9,6.8,6.8,小火锅,陆家嘴,陆家嘴环路1398号陆家嘴景庭(近浦东水族馆)
上海餐厅,千彩小火锅,总店,准四星商户,4,,7.0,7.0,7.0,小火锅,陆家嘴,陆家嘴
上海餐厅,重庆鸡公煲(福山路店),分店,准四星商户,80,43,6.9,6.4,6.5,火锅,陆家嘴,福山路287号(张杨路口)
上海餐厅,福辛氏火锅,总店,三星商户,9,50,6.6,6.6,6.8,重庆火锅,陆家嘴,南泉北路170号(靠近栖霞路)
上海餐厅,重庆四姐老火锅,总店,三星商户,0,,0.0,0.0,0.0,火锅,陆家嘴,银城路119号
上海餐厅,洋房火锅(上海中心店),分店,该商户暂无星级,10,,0.0,0.0,0.0,火锅,陆家嘴,上海中心裙楼3F
上海餐厅,云空煮海,总店,该商户暂无星级,1,,0.0,0.0,0.0,火锅,陆家嘴,富城路190号
上海餐厅,滨江壹号,总店,准五星商户,1006,365,7.3,9.1,8.5,西餐,陆家嘴,滨江大道富城路拾步街由隆花园(近花园石桥路)
上海餐厅,王品牛排(上海正大广场店),分店,准五星商户,4278,392,8.4,9.1,9.0,牛排,陆家嘴,陆家嘴西路168号正大广场西区8层(近东方明珠)
上海餐厅,莫尔顿牛排坊(浦东ifc店),分店,准五星商户,6036,828,8.4,9.0,8.5,牛排,陆家嘴,世纪大道8号国金中心商场4层(近银城中路)
上海餐厅,浦东四季酒店Camelia,总店,准五星商户,1053,411,7.9,9.1,8.7,意大利菜,陆家嘴,世纪大道210号上海浦东四季酒店1楼(近浦城路)
上海餐厅,ph+概念店,分店,五星商户,983,107,9.0,9.2,9.1,西餐,陆家嘴,银城中路501号B2-1室
上海餐厅,意味轩 SCENA(浦东丽思卡尔顿酒店),总店,五星商户,1952,694,8.3,9.3,9.1,意大利菜,陆家嘴,世纪大道8号国金中心52楼丽思卡尔顿酒店(东泰路世纪大道)
上海餐厅,Taco Bell 塔可贝尔(陆家嘴店),总店,准五星商户,1021,46,8.9,9.0,8.9,西式简餐,陆家嘴,世纪大道55号东方浮庭1F-1室
上海餐厅,Brownstone Tapas & Lounge布朗石西班牙餐厅酒吧(陆家嘴店),分店,准五星商户,265,187,8.9,9.0,9.0,西班牙菜,陆家嘴,富城路28号
上海餐厅,WIN HOUSE(正大广场店),分店,准五星商户,5185,130,8.4,8.5,8.5,西餐,陆家嘴,陆家嘴西路168号正大广场1层GF27号(近东方明珠)
上海餐厅,PizzaD,总店,五星商户,278,59,9.2,8.5,9.3,比萨,陆家嘴,东昌路508号(浦东南路)
上海餐厅,宝莱纳餐厅(陆家嘴店),分店,四星商户,6595,214,7.8,8.4,7.5,西餐,陆家嘴,浦东滨江大道滨江风光亭(近滨江大道)
上海餐厅,PizzaExpress 马上诺(IFC 国金中心店),分店,准五星商户,2339,130,8.8,9.0,8.5,比萨,陆家嘴,世纪大道8号陆家嘴国金中心A座B1楼LG1-40室(AppleShop旁)
上海餐厅,Pret A Manger(上海国金中心店),分店,准五星商户,271,54,8.6,9.0,9.0,西式简餐,陆家嘴,世纪大道8号上海国金中心LG1－37(苹果店)
上海餐厅,星期五餐厅(富都店),分店,准五星商户,4241,165,8.5,8.9,8.4,西餐,陆家嘴,富城路16号(近正大广场)
上海餐厅,58° 扒房,总店,准五星商户,918,515,8.5,9.1,9.0,牛排,陆家嘴,浦东南路111号文华东方酒店行政公寓大堂1层(近泰公线渡口)
上海餐厅,Hunter Gatherer 悦衡食集(国金中心商场店),分店,准五星商户,231,83,8.5,8.9,8.9,西式简餐,陆家嘴,世纪大道8号国金中心商场4层
上海餐厅,bluefrog蓝蛙(正大店),分店,准五星商户,2566,152,7.9,8.3,8.1,西餐,陆家嘴,富城路12-14号(微信号：bluefrogChina)
上海餐厅,乐凯撒·榴莲比萨(正大广场店),分店,准五星商户,3036,81,8.9,8.5,8.4,比萨,陆家嘴,陆家嘴西路168号正大广场西区2层19号铺(近东方明珠)
上海餐厅,JUST LOVE 只爱鲜牛排(正大广场店),总店,四星商户,1000,208,8.2,8.8,8.4,西餐,陆家嘴,陆家嘴西路168号正大广场东区6层(近东方明珠)
上海餐厅,PizzaMarzano玛尚诺(环球金融中心店),分店,准五星商户,481,103,8.6,9.0,8.6,比萨,陆家嘴,世纪大道100号上海环球金融中心2楼210
上海餐厅,KAKA SALAD(金茂店),总店,准五星商户,288,39,9.1,8.5,8.6,西餐,陆家嘴,世纪大道88号裙房金茂时尚生活中心2c－06(近东泰路)
上海餐厅,食在56 – 意庐,总店,准五星商户,1323,402,7.6,9.1,8.2,意大利菜,陆家嘴,世纪大道88号金茂君悦大酒店56楼(近二号线陆家嘴站)
上海餐厅,Twinings川宁餐厅,总店,四星商户,506,150,8.1,9.0,8.5,西餐,陆家嘴,陆家嘴西路168号正大广场西区3层25号(近东方明珠)
上海餐厅,Vapiano 新意尚,总店,准五星商户,994,127,8.3,9.0,8.2,意大利菜,陆家嘴,富城路24号-26号(近花园石桥路)
上海餐厅,翡翠36餐厅,总店,四星商户,1892,673,7.6,9.0,8.2,法国菜,陆家嘴,富城路33号浦东香格里拉大酒店紫金楼36楼(近名商路)
上海餐厅,上海柏悦酒店世纪100餐厅,总店,四星商户,1849,701,7.4,9.1,7.5,西餐,陆家嘴,世纪大道100号环球金融中心上海柏悦酒店91楼(近东泰路)
上海餐厅,阿尔贝鲁西班牙餐厅,总店,准五星商户,391,394,8.2,9.0,9.2,西班牙菜,陆家嘴,陆家嘴环路1288号上海凯宾斯基大酒店2楼(东园路陆家嘴环路)
上海餐厅,新元素餐厅(上海环球中心店),分店,准五星商户,1787,140,8.1,8.5,8.3,西餐,陆家嘴,世纪大道100号上海环球金融中心2楼(近东泰路)
上海餐厅,Hooters猫头鹰餐厅(浦东店),分店,四星商户,4312,153,7.4,8.0,7.8,西餐,陆家嘴,陆家嘴西路168号正大广场西区1层(近东方明珠)
上海餐厅,海蓝意大利餐厅,总店,准五星商户,475,243,8.2,9.1,9.0,意大利菜,陆家嘴,陆家嘴环路1288号上海凯宾斯基大酒店2楼(近海洋水族馆)
上海餐厅,RISO,总店,四星商户,486,98,7.9,8.4,7.5,西餐,八佰伴,张杨路655号福兴大厦1-2楼
上海餐厅,新元素餐厅(正大店),分店,四星商户,4124,128,7.5,8.2,7.6,西餐,陆家嘴,陆家嘴西路168号正大广场西区1层17-18号(近东方明珠)
上海餐厅,FATBURGER特富客汉堡(上海中心大厦店),总店,四星商户,284,80,8.2,9.0,8.4,西式简餐,陆家嘴,陆家嘴环路479号上海中心大厦B2层
上海餐厅,元素西餐厅(陆家嘴店),总店,四星商户,2761,233,7.8,9.0,8.8,西餐,陆家嘴,陆家嘴环路1288号上海凯宾斯基大酒店1楼(近东园路)
上海餐厅,拉蒂娜Latina巴西烧烤音乐餐厅(陆家嘴店),分店,四星商户,2287,200,7.8,8.5,8.0,西餐,陆家嘴,陆家嘴环路165号2楼(香格里拉酒店对面)
上海餐厅,TAVOLA,总店,四星商户,1637,369,7.7,9.0,8.2,意大利菜,陆家嘴,滨江大道2500号,东园路路口(近星展银行，海洋水族馆)
上海餐厅,Yummie吖蜜轻食屋,总店,准五星商户,109,48,8.8,8.5,8.6,西餐,陆家嘴,昌邑路527-1号
上海餐厅,bluefrog蓝蛙(环球金融中心店),分店,四星商户,2471,147,7.7,8.2,7.8,西餐,陆家嘴,世纪大道100号环球金融中心B109室
上海餐厅,Isola意索娜意大利餐厅,分店,四星商户,1567,422,7.5,9.0,7.8,意大利菜,陆家嘴,世纪大道8号上海国金中心L4楼17号铺(浦东香格里拉对面）(近银城中路)
上海餐厅,天水恋意大利餐厅(滨江大道店),总店,四星商户,1844,222,7.1,8.4,7.3,意大利菜,陆家嘴,滨江大道3082号(滨江大道富都段滨江花园内近富城路)
上海餐厅,Urban Soup Kitchen(环球金融中心店),分店,准四星商户,387,57,7.8,7.8,7.8,西餐,陆家嘴,世纪大道100号地下一层D106-1(陆家嘴地铁站)
上海餐厅,砧板牛扒·汉堡The chopping block,分店,四星商户,51,69,7.7,7.8,8.2,西式简餐,陆家嘴,陆家嘴西路168号正大广场东区B2层(近东方明珠)
上海餐厅,乐意坊Alla Torre意大利薄底披萨(陆家嘴店),分店,四星商户,740,176,7.6,8.6,7.8,意大利菜,陆家嘴,陆家嘴环路165号1楼(近名商路)
上海餐厅,上海柏悦酒店大堂餐厅,总店,四星商户,676,508,7.2,8.9,7.5,西餐,陆家嘴,世纪大道100号环球金融中心上海柏悦酒店87楼(近东泰路)
上海餐厅,莫顿牛排屋(正大广场店),分店,准四星商户,113,108,7.3,7.0,7.1,西餐,陆家嘴,陆家嘴西路168号正大广场中区B2层(近东方明珠)
上海餐厅,Wagas沃歌斯(陆家嘴环路店),总店,准四星商户,221,81,7.6,7.8,7.0,西餐,陆家嘴,陆家嘴环路1188号L1商铺
上海餐厅,豆苗工坊(正大广场店),分店,准四星商户,631,56,7.3,7.6,7.1,西餐,陆家嘴,陆家嘴西路168号正大广场东区B2层(近东方明珠)
上海餐厅,摩斯汉堡(上海恒生店),分店,四星商户,756,35,7.7,7.8,7.9,西式简餐,陆家嘴,陆家嘴环路1000号恒生银行大厦202-2号
上海餐厅,Momi&Toys;(国金中心商场店),总店,准四星商户,1224,28,7.2,7.2,7.4,西餐,陆家嘴,世纪大道8号国金中心商场LG2层(近陆家嘴环路)
上海餐厅,菲斯特法式融合餐厅,总店,四星商户,23,115,7.7,8.0,8.1,意大利菜,陆家嘴,浦东南路256号华夏银行大厦102B(金州街车库入口花园)
上海餐厅,Sky Lobby,总店,准四星商户,70,358,7.2,8.5,8.2,西餐,陆家嘴,世纪大道8号上海国金中心丽思卡尔顿酒店52楼
上海餐厅,麝香猫咖啡餐厅(滨江店),分店,准四星商户,1451,108,7.2,8.0,7.0,咖啡厅,陆家嘴,陆家嘴西路2967号滨江大道富都段(滨江大道)
上海餐厅,saladbox宝蔬沙拉(正大店),分店,准四星商户,23,42,7.7,7.7,7.7,西式简餐,陆家嘴,陆家嘴西路168号正大广场东区B2层(近东方明珠)
上海餐厅,帕尼尼The Panini Pro(国金店),总店,准四星商户,80,42,6.9,7.0,7.2,西式简餐,陆家嘴,世纪大道8号上海国金中心LG2-A-07
上海餐厅,红塔豪华精选酒店Danieli&apos;s意大利餐厅,总店,四星商户,507,366,7.3,7.9,8.0,意大利菜,八佰伴,东方路889号红塔豪华精选酒店39楼(近向城路)
上海餐厅,Nicolson’s Grill,分店,四星商户,21,112,7.9,7.5,7.8,西式简餐,陆家嘴,陆家嘴环路479号B2(上海中心大厦B2)
上海餐厅,棒约翰比萨(陆家嘴店),分店,准四星商户,367,58,7.3,7.4,6.8,比萨,陆家嘴,陆家嘴环路1318号星展银行下沉式广场
上海餐厅,Dog House热狗屋(国金中心商场店),分店,准四星商户,118,45,7.2,7.2,7.5,西式简餐,陆家嘴,世纪大道8号国金中心商场LG2层B10
上海餐厅,赛百味(浦发大厦店),分店,准四星商户,408,24,7.2,6.9,6.7,西式简餐,陆家嘴,浦东南路588号浦发大厦1楼(近东昌路)
上海餐厅,Salad+色拉嘉(国金中心商场店),分店,三星商户,163,46,6.6,7.0,6.9,西餐,陆家嘴,世纪大道8号国金中心商场LG2层
上海餐厅,Salad+色拉嘉(环球金融中心店),分店,准四星商户,261,36,7.0,7.0,7.0,西餐,陆家嘴,世纪大道100号环球金融商务中心B1层
上海餐厅,橄榄园,总店,准四星商户,27,,7.1,7.4,7.2,西餐,陆家嘴,上海中心大厦37楼
上海餐厅,欧米亚(世纪大道店),总店,三星商户,916,104,6.7,7.1,7.0,西餐,陆家嘴,世纪大道55号东方浮庭2楼(地铁2号线陆家嘴站3号出口乘电梯上去第2楼即是)
上海餐厅,URBAN EATERY,总店,准四星商户,1,,7.4,7.1,7.4,西餐,陆家嘴,上海国金中心D座LG-20
上海餐厅,赛百味(花旗大厦店),分店,准四星商户,198,22,7.2,6.8,7.0,西式简餐,陆家嘴,花园石桥路33号花旗集团大厦1楼(近富城路)
上海餐厅,上海之夜,总店,准四星商户,2,,7.2,7.2,7.2,西餐,陆家嘴,滨江大道2727号东方滨江大酒店上海之夜厅
上海餐厅,赛百味(东方明珠店),分店,三星商户,133,26,7.0,6.7,6.7,西式简餐,陆家嘴,世纪大道1号东方明珠电视塔售票处旁(近二号线陆家嘴站)
上海餐厅,赛百味(中建大厦店),分店,准四星商户,208,24,7.3,7.3,7.1,西式简餐,陆家嘴,世纪大道1588号(近浦电路)
上海餐厅,resturant音家美式餐厅(正大广场店),总店,三星商户,1,,6.8,6.8,6.8,西餐,陆家嘴,陆家嘴西路168号正大广场1层
上海餐厅,ACQUOLINA,总店,准四星商户,23,399,7.4,7.4,6.9,意大利菜,陆家嘴,富城路24号(近正大广场)
上海餐厅,Merton’s Steak House,总店,准四星商户,7,,7.3,7.1,7.2,西式简餐,陆家嘴,陆家嘴西路
上海餐厅,美罗思披萨(陆家嘴店),总店,三星商户,14,58,6.7,6.9,6.7,比萨,陆家嘴,陆家嘴环路333号B107A东方汇经中心
上海餐厅,Leon’s Space,总店,准四星商户,1,,7.5,7.5,7.5,西餐,陆家嘴,世纪大道160号览海国际广场环球金融中心裙楼(陆家嘴环路)
上海餐厅,食在56,总店,准四星商户,1,,7.4,7.4,7.4,西餐,陆家嘴,世纪大道88号金茂大厦56层
上海餐厅,比利牛斯,分店,三星商户,0,,0.0,0.0,0.0,西式简餐,陆家嘴,世纪大道100号
上海餐厅,赛露芭(陆家嘴软件园店),总店,三星商户,186,38,6.8,6.9,6.8,西式简餐,陆家嘴,东方路1217号(近峨山路)
上海餐厅,百士达西餐厅(正大广场店),总店,三星商户,1,,6.4,6.4,6.4,西餐,陆家嘴,陆家嘴西路168号正大广场3层(近东方明珠)
上海餐厅,Planet Kebab,分店,三星商户,8,,6.3,6.3,6.3,西餐,陆家嘴,陆家嘴环路333号B107A
上海餐厅,acorner环球店,总店,准四星商户,1,,7.4,7.4,7.4,西式简餐,陆家嘴,世纪大道200号B2
上海餐厅,柏悦酒店pantry西餐厅,总店,三星商户,1,,6.7,6.9,6.9,西餐,陆家嘴,陆家嘴环路
上海餐厅,necolson&apos;s,总店,准四星商户,0,,0.0,0.0,0.0,西餐,陆家嘴,陆家嘴银城中路
上海餐厅,cheerslife健康轻食,总店,准四星商户,2,,6.9,6.9,6.9,西餐,陆家嘴,陆家嘴环路1000号二楼201-1室
上海餐厅,wisca,总店,三星商户,0,,0.0,0.0,0.0,西餐,陆家嘴,陸家嘴東路招商局大廈
上海餐厅,Charlie’s Burger(正大广场店),分店,该商户暂无星级,0,,0.0,0.0,0.0,西餐,陆家嘴,正大广场7楼
上海餐厅,非常沙拉(金茂时尚生活中心店),总店,该商户暂无星级,0,,0.0,0.0,0.0,西式简餐,陆家嘴,世纪大道88号金茂时尚生活中心2层
上海餐厅,沙拉自通,总店,该商户暂无星级,0,,0.0,0.0,0.0,西式简餐,陆家嘴,陆家嘴
上海餐厅,主食沙拉(上海中心大厦店),总店,该商户暂无星级,0,,0.0,0.0,0.0,西式简餐,陆家嘴,陆家嘴环路479号上海中心大厦B2层
上海餐厅,haxnbauer海森堡™现代德国餐厅(环球金融中心店),总店,准五星商户,1631,179,8.6,8.7,8.6,西餐,陆家嘴,世纪大道100号上海环球金融中心2楼(近东泰路)
上海餐厅,意大利餐厅The Kitchen Salvatore Cuomo(滨江店),总店,准五星商户,1310,454,7.6,8.6,7.9,意大利菜,陆家嘴,陆家嘴西路2967号D座402室(近丰和路滨江大道)
上海餐厅,hoF Wine Bar & Brasserie(陆家嘴店),总店,四星商户,1233,88,7.8,7.7,7.6,西式简餐,陆家嘴,陆家嘴环路1318号星展银行大厦下沉式广场8号商铺(近东园路)
上海餐厅,Salad Express 沙拉主义(正大广场店),总店,准五星商户,1421,51,8.8,8.1,8.9,西式简餐,陆家嘴,陆家嘴西路168号正大广场B2—17(陆家嘴地铁站)
上海餐厅,食草沙拉果蔬汁(陆家嘴店),总店,四星商户,19,33,7.6,7.6,7.7,西式简餐,陆家嘴,东昌路东园二村150号3幢100室(东昌路地铁站旁)
上海餐厅,初心,总店,该商户暂无星级,1,,0.0,0.0,0.0,西餐,陆家嘴,世纪大道160号览海国际广场环球金融中心裙楼
上海餐厅,沙绿轻食(崂山路店),总店,该商户暂无星级,2,,0.0,0.0,0.0,西式简餐,陆家嘴,崂山路36号
上海餐厅,Qook酷客(览海国际店),总店,该商户暂无星级,0,,0.0,0.0,0.0,西式简餐,陆家嘴,世纪大道160号览海国际广场B1(2号线东昌路地铁站4号口上海中心附近)
上海餐厅,彼尚牛排屋,总店,该商户暂无星级,1,,0.0,0.0,0.0,西餐,陆家嘴,正大广场6楼
上海餐厅,川骄海鲜自助(浦东店),总店,准五星商户,827,261,8.8,9.2,9.1,自助餐,八佰伴,浦东南路1271-1289号米岛美食城2楼(9号线商城路站3号口，2号线东昌路站4号口)
上海餐厅,上海金茂君悦咖啡厅,总店,准五星商户,688,311,8.5,9.2,8.9,自助餐,陆家嘴,世纪大道88号金茂君悦大酒店54层(近二号线陆家嘴站6号口)
上海餐厅,Ritz Carlton Buffet,总店,五星商户,523,404,8.5,9.3,9.2,自助餐,陆家嘴,世纪大道8号国金中心丽思卡尔顿酒店52楼(东泰路)
上海餐厅,浦东四季酒店Camelia,总店,准五星商户,1053,411,7.9,9.1,8.7,意大利菜,陆家嘴,世纪大道210号上海浦东四季酒店1楼(近浦城路)
上海餐厅,浦东香格里拉怡咖啡,总店,四星商户,8103,316,7.9,8.6,8.2,自助餐,陆家嘴,富城路33号浦东香格里拉大酒店紫金楼2楼(近名商路)
上海餐厅,东方明珠Coca-Cola欢乐餐厅,总店,四星商户,4586,181,7.5,9.0,8.1,自助餐,陆家嘴,世纪大道1号东方明珠塔8号门(地铁2号线陆家嘴站1号出口对面)
上海餐厅,文华厨房,总店,四星商户,1887,335,7.8,9.0,8.9,自助餐,陆家嘴,浦东南路111号上海浦东文华东方酒店LG层(近泰东栈渡口)
上海餐厅,东方滨江大酒店滨江厅,总店,准五星商户,2367,197,8.2,9.1,8.6,自助餐,陆家嘴,滨江大道2727号东方滨江大酒店1楼(近国际会议中心)
上海餐厅,拉蒂娜Latina巴西烧烤音乐餐厅(陆家嘴店),分店,四星商户,2287,200,7.8,8.5,8.0,西餐,陆家嘴,陆家嘴环路165号2楼(香格里拉酒店对面)
上海餐厅,喜多屋国际海鲜料理(正大店),总店,准四星商户,19364,211,6.7,7.1,6.3,自助餐,陆家嘴,陆家嘴西路168号正大广场西区7层04-06号(近东方明珠)
上海餐厅,东方明珠景观旋转餐厅,总店,准四星商户,2844,315,6.5,8.3,7.0,自助餐,陆家嘴,世纪大道1号(2号线陆家嘴站)
上海餐厅,凯宾斯基行政餐厅,总店,准四星商户,87,230,7.4,8.2,8.3,自助餐,陆家嘴,上海浦东新区陆家嘴环路1288号28层
上海餐厅,上海柏悦酒店大堂茶阁,总店,四星商户,206,361,7.7,9.0,8.3,自助餐,陆家嘴,世纪大道100号上海环球金融中心87层(东泰路)
上海餐厅,悦泰(金茂店),总店,准四星商户,3732,188,6.9,7.6,6.9,自助餐,陆家嘴,世纪大道88号金茂大厦裙楼内金茂时尚广场5层
上海餐厅,裕景咖啡厅,总店,三星商户,999,147,6.2,6.9,6.7,自助餐,陆家嘴,浦东大道535号裕景大饭店3楼(4号线浦东大道1号口出)
上海餐厅,香格里拉行政餐厅,总店,准四星商户,1,,7.6,7.6,7.6,自助餐,陆家嘴,富城路33号香格里拉浦江楼21楼
上海餐厅,太平金融大厦食堂,总店,三星商户,4,,6.5,6.5,6.5,自助餐,陆家嘴,银城中路488号
上海餐厅,国太飞行员俱乐部,总店,三星商户,3,,6.9,6.9,6.9,自助餐,陆家嘴,陆家嘴
上海餐厅,正大广场 8楼自助餐,总店,该商户暂无星级,1,,0.0,0.0,0.0,自助餐,陆家嘴,陆家嘴西路168号(近东方明珠)
上海餐厅,浦江荟,总店,五星商户,180,608,9.0,9.1,9.1,粤菜馆,陆家嘴,滨江大道1850号A楼(近浦东南路)
上海餐厅,浦之舟,总店,五星商户,661,732,9.0,9.3,9.2,海鲜,陆家嘴,滨江大道3688号(近东昌路)
上海餐厅,潮堂(环球金融中心店),分店,准五星商户,5664,152,8.7,8.6,9.0,潮汕菜,陆家嘴,世纪大道100号环球金融商务中心3层
上海餐厅,金轩中餐厅,总店,五星商户,667,963,8.7,9.3,9.1,粤菜馆,陆家嘴,世纪大道8号上海国金中心丽思卡尔顿酒店53楼(近东泰路)
上海餐厅,乐忻皇朝(上海中心大厦店),分店,准五星商户,1550,103,8.8,9.0,8.9,茶餐厅,陆家嘴,陆家嘴环路479号上海中心大厦B2层
上海餐厅,晶浦会(上海中心大厦店),分店,准五星商户,78,258,8.8,9.1,8.3,粤菜馆,陆家嘴,陆家嘴环路479号上海中心大厦4层
上海餐厅,恒悦轩精致香港粤菜(陆家嘴店),分店,准五星商户,3285,269,8.3,9.0,8.3,粤菜馆,陆家嘴,世纪大道201号渣打银行大厦3-4楼(近浦东南路)
上海餐厅,尚席,总店,准五星商户,537,599,8.8,9.0,8.9,粤菜馆,陆家嘴,世纪大道210号四季酒店2楼(近浦城路)
上海餐厅,惠食佳(陆家嘴店),分店,四星商户,1227,239,8.3,8.6,7.5,茶餐厅,陆家嘴,陆家嘴东路161号招商局大厦3-4楼(近陆家嘴环路)
上海餐厅,利苑(国金中心店),分店,四星商户,3565,420,8.3,8.4,7.6,粤菜馆,陆家嘴,世纪大道8号上海国金中心3楼L3-17&18(近陆家嘴东路)
上海餐厅,皇玺酒家,总店,四星商户,2349,292,8.4,8.9,8.0,海鲜,陆家嘴,浦东南路27号(近银城路)
上海餐厅,粤珍轩,总店,准五星商户,1254,461,7.8,9.0,8.2,粤菜馆,陆家嘴,世纪大道88号金茂君悦大酒店55楼(近二号线陆家嘴站)
上海餐厅,晶浦会(陆家嘴店),分店,四星商户,1290,318,7.8,8.3,7.4,粤菜馆,陆家嘴,花园石桥路33号花旗集团大厦4楼(近富城路)
上海餐厅,港丽餐厅(正大店),分店,四星商户,10236,105,7.4,7.6,6.7,茶餐厅,陆家嘴,陆家嘴西路168号正大广场西区7层08A号(近东方明珠)
上海餐厅,正斗粥面专家(国金中心店),分店,四星商户,7475,115,7.7,7.5,7.4,粤菜馆,陆家嘴,世纪大道8号上海国金中心D座L3楼L3-9室(陆家嘴环路银城中路)
上海餐厅,罗港园(东昌路店),总店,准五星商户,56,28,8.6,8.8,9.0,茶餐厅,陆家嘴,东昌路422号
上海餐厅,富临轩(正大广场店),分店,四星商户,1754,162,7.9,7.8,7.6,茶餐厅,陆家嘴,陆家嘴西路168号正大广场西区4层(近东方明珠)
上海餐厅,晶采轩(浦东店),分店,四星商户,1305,241,8.1,8.2,7.6,粤菜馆,陆家嘴,银城中路68号时代金融中心2-3楼(金洲街银城中路)
上海餐厅,心上(金茂店),总店,四星商户,1647,80,7.9,8.3,7.7,粤菜馆,陆家嘴,世纪大道88号金茂大厦b1层(东泰路)
上海餐厅,家全七福(浦东店),分店,四星商户,418,598,8.1,8.4,7.4,粤菜馆,陆家嘴,富城路33号香格里拉大酒店浦江楼2楼(近名商路)
上海餐厅,香淳湾,分店,四星商户,613,386,7.9,9.0,7.7,粤菜馆,陆家嘴,滨江大道1836号(近浦东文华大酒店)
上海餐厅,翡翠拉面小笼包(正大广场店),分店,准四星商户,2055,85,7.5,7.7,7.7,粤菜馆,陆家嘴,陆家嘴西路168号正大广场东区8层(近东方明珠)
上海餐厅,翠华餐厅(正大广场店),分店,准四星商户,2303,89,7.4,7.4,6.9,茶餐厅,陆家嘴,陆家嘴西路168号正大广场东区6层(近东方明珠)
上海餐厅,避风塘(正大广场店),分店,准四星商户,4736,88,7.6,7.5,7.3,粤菜馆,陆家嘴,陆家嘴西路168号正大广场中区8层(近东方明珠)
上海餐厅,翠华餐厅(国金中心商场店),分店,准四星商户,2518,93,7.4,7.4,6.9,茶餐厅,陆家嘴,世纪大道8号国金中心商场LG2层(陆家嘴地铁站)
上海餐厅,海龙海鲜舫,总店,准四星商户,1029,276,6.9,7.8,6.8,粤菜馆,陆家嘴,东昌路1号(近富城路拾步街)
上海餐厅,Annvita tea room,总店,准四星商户,18,155,7.4,7.5,7.1,茶餐厅,陆家嘴,世纪大道8号上海国金中心商场4层
上海餐厅,恒悦轩午市白领餐厅,分店,准四星商户,11,41,7.4,7.5,7.4,粤菜馆,陆家嘴,世纪大道201号渣打银行大厦4楼
上海餐厅,御庭中餐厅,总店,准四星商户,102,160,6.7,7.3,6.8,粤菜馆,陆家嘴,浦东大道535号裕景大饭店5楼(近东方路)
上海餐厅,港开茶餐厅,总店,三星商户,855,48,6.7,6.9,6.9,茶餐厅,陆家嘴,世纪大道55号世纪天桥2楼-2室(近陆家嘴东路)
上海餐厅,新记港式蒸点(正大广场店),分店,三星商户,88,34,6.7,6.6,6.6,茶餐厅,陆家嘴,陆家嘴西路168号正大广场东区B2层(近东方明珠)
上海餐厅,嘉厨小馆(浦东大道店),分店,准四星商户,115,39,7.2,6.8,6.9,粤菜馆,陆家嘴,浦东大道125号(近即墨路)
上海餐厅,东方私宴,总店,准四星商户,69,271,7.2,7.3,7.1,粤菜馆,陆家嘴,滨江大道1658号(近东方路)
上海餐厅,柯记港式茶餐厅,总店,准四星商户,81,57,6.8,6.8,6.6,茶餐厅,陆家嘴,昌邑路88号(近即墨路)
上海餐厅,翰林轩,总店,准四星商户,1,,6.9,6.9,6.9,粤菜馆,陆家嘴,浦东南路98号
上海餐厅,戎记港式烧腊(环球金融中心店),总店,三星商户,11,29,6.7,6.8,7.0,粤菜,陆家嘴,世纪大道100号环球金融中心B2嘉柚餐厅
上海餐厅,唛哆港式烧腊(正大广场店),总店,三星商户,83,33,6.3,6.3,6.3,粤菜,陆家嘴,陆家嘴西路168号正大广场东区B2层(近东方明珠)
上海餐厅,華藝港式茶餐厅,总店,三星商户,0,,0.0,0.0,0.0,茶餐厅,陆家嘴,浦东南路111号上海浦东文華东方酒店
上海餐厅,富豪会展公寓酒店富豪轩,总店,该商户暂无星级,0,,0.0,0.0,0.0,粤菜馆,陆家嘴,富特西一路77号(近外高桥报税区北站)
上海餐厅,煌慧,总店,该商户暂无星级,0,,0.0,0.0,0.0,粤菜馆,陆家嘴,严家桥2号活动中心口腔
上海餐厅,翠园(上海中心大厦店),总店,该商户暂无星级,4,,0.0,0.0,0.0,粤菜馆,陆家嘴,陆家嘴环路479号上海中心大厦4层
上海餐厅,荣轩,总店,该商户暂无星级,0,,0.0,0.0,0.0,粤菜馆,陆家嘴,世纪大道160号览海国际广场B201
上海餐厅,港式烫捞专家,总店,该商户暂无星级,0,,0.0,0.0,0.0,粤菜,陆家嘴,环球金融中心B1
上海餐厅,炉边情谈(正大广场店),分店,四星商户,13705,161,8.1,8.6,8.3,韩国料理,陆家嘴,陆家嘴西路168号正大广场西区6层(近东方明珠)
上海餐厅,PANKOO釜山料理(国金中心商场店),分店,四星商户,3485,107,7.7,8.0,7.6,韩国料理,陆家嘴,世纪大道8号国金中心商场4层(近浦东大道)
上海餐厅,Aza Aza！芝心年糕料理(正大广场店),分店,四星商户,2599,66,7.8,8.4,8.2,韩国料理,陆家嘴,陆家嘴西路168号正大广场中区8层(近东方明珠)
上海餐厅,必品阁bibigo(环球金融中心店),总店,准四星商户,353,75,7.3,7.9,7.3,韩国料理,陆家嘴,世纪大道100号环球金融商务中心B1层
上海餐厅,故乡屋(正大广场店),分店,三星商户,137,31,6.7,6.8,6.8,韩国料理,陆家嘴,陆家嘴西路168号正大广场东区B2层(近东方明珠)
上海餐厅,韩国传统拌饭,总店,三星商户,27,34,6.8,6.6,6.7,韩国料理,陆家嘴,陆家嘴西路168号正大广场东区B2层(近东方明珠)
上海餐厅,五饼二鱼韩国料理,总店,准四星商户,34,24,7.2,6.9,7.1,韩国料理,陆家嘴,世纪大道1600号陆家嘴商务广场B1(近浦电路)
上海餐厅,韩国拌饭(上海中心大厦店),总店,准四星商户,4,,7.0,7.2,7.0,韩国料理,陆家嘴,陆家嘴环路479号上海中心大厦B2层
上海餐厅,故乡屋,总店,三星商户,1,,6.8,6.8,6.8,韩国料理,陆家嘴,银城中路499号
上海餐厅,韩国米饼,总店,三星商户,4,,6.8,6.8,6.8,韩国料理,陆家嘴,陆家嘴环路1388号海洋水族馆1楼
上海餐厅,安东鸡(正大广场店),总店,准四星商户,1218,92,7.0,7.6,7.1,韩国料理,陆家嘴,陆家嘴西路168号正大广场8楼(近东方明珠)
上海餐厅,小龙虾,总店,三星商户,3,,6.4,6.4,7.5,小龙虾,陆家嘴,银城中路
上海餐厅,小猪猪(正大广场店),分店,四星商户,8006,88,8.1,8.1,8.7,烧烤,陆家嘴,陆家嘴西路168号正大广场西区8层(近东方明珠)
上海餐厅,炉边情谈(正大广场店),分店,四星商户,13705,161,8.1,8.6,8.3,韩国料理,陆家嘴,陆家嘴西路168号正大广场西区6层(近东方明珠)
上海餐厅,云晓光头烧烤吧(新大陆广场店),分店,四星商户,1212,92,8.2,7.7,7.8,烧烤,陆家嘴,南泉北路528号新大陆广场南楼1层S1-15号
上海餐厅,拉蒂娜Latina巴西烧烤音乐餐厅(陆家嘴店),分店,四星商户,2287,200,7.8,8.5,8.0,西餐,陆家嘴,陆家嘴环路165号2楼(香格里拉酒店对面)
上海餐厅,食在56 – 上海金茂君悦烧烤餐厅,总店,四星商户,1082,528,7.7,9.1,8.2,烧烤,陆家嘴,世纪大道88号金茂君悦大酒店56楼
上海餐厅,PANKOO釜山料理(国金中心商场店),分店,四星商户,3485,107,7.7,8.0,7.6,韩国料理,陆家嘴,世纪大道8号国金中心商场4层(近浦东大道)
